DAYS_PK,YEAR,MONTH,NUM_WD,NUM_WE,REMARKS,SYS_CREATE_TIME,SYS_MODIFY_TIME,LOAD_TABLE,LOAD_DATETIME,LOAD_USER
11365,1980,1,22,9,NULL,NULL,"2004-09-14 00:00:00",g_days,"2021-03-17 08:22:02",data_loader
11366,1980,2,20,9,NULL,NULL,"2004-09-14 00:00:00",g_days,"2021-03-17 08:22:02",data_loader
11367,1980,3,19,12,NULL,NULL,"2004-09-14 00:00:00",g_days,"2021-03-17 08:22:02",data_loader
11368,1980,4,22,8,NULL,NULL,"2004-09-14 00:00:00",g_days,"2021-03-17 08:22:02",data_loader
11369,1980,5,21,10,NULL,NULL,"2004-09-14 00:00:00",g_days,"2021-03-17 08:22:02",data_loader
11370,1980,6,21,9,NULL,NULL,"2004-09-14 00:00:00",g_days,"2021-03-17 08:22:02",data_loader
11371,1980,7,21,10,NULL,NULL,"2004-09-14 00:00:00",g_days,"2021-03-17 08:22:02",data_loader
11372,1980,8,21,10,NULL,NULL,"2004-09-14 00:00:00",g_days,"2021-03-17 08:22:02",data_loader
11373,1980,9,21,9,NULL,NULL,"2004-09-14 00:00:00",g_days,"2021-03-17 08:22:02",data_loader
11374,1980,10,22,9,NULL,NULL,"2004-09-14 00:00:00",g_days,"2021-03-17 08:22:02",data_loader
11375,1980,11,16,14,NULL,NULL,"2004-09-14 00:00:00",g_days,"2021-03-17 08:22:02",data_loader
11376,1980,12,21,10,NULL,NULL,"2004-09-14 00:00:00",g_days,"2021-03-17 08:22:02",data_loader
11377,1981,1,21,10,NULL,NULL,"2004-09-14 00:00:00",g_days,"2021-03-17 08:22:02",data_loader
11378,1981,2,19,9,NULL,NULL,"2004-09-14 00:00:00",g_days,"2021-03-17 08:22:02",data_loader
11379,1981,3,21,10,NULL,NULL,"2004-09-14 00:00:00",g_days,"2021-03-17 08:22:02",data_loader
11380,1981,4,21,9,NULL,NULL,"2004-09-14 00:00:00",g_days,"2021-03-17 08:22:02",data_loader
11381,1981,5,20,11,NULL,NULL,"2004-09-14 00:00:00",g_days,"2021-03-17 08:22:02",data_loader
11382,1981,6,22,8,NULL,NULL,"2004-09-14 00:00:00",g_days,"2021-03-17 08:22:02",data_loader
11383,1981,7,21,10,NULL,NULL,"2004-09-14 00:00:00",g_days,"2021-03-17 08:22:02",data_loader
11384,1981,8,21,10,NULL,NULL,"2004-09-14 00:00:00",g_days,"2021-03-17 08:22:02",data_loader
11385,1981,9,21,9,NULL,NULL,"2004-09-14 00:00:00",g_days,"2021-03-17 08:22:02",data_loader
11386,1981,10,21,10,NULL,NULL,"2004-09-14 00:00:00",g_days,"2021-03-17 08:22:02",data_loader
11387,1981,11,18,12,NULL,NULL,"2004-09-14 00:00:00",g_days,"2021-03-17 08:22:02",data_loader
11388,1981,12,21,10,NULL,NULL,"2004-09-14 00:00:00",g_days,"2021-03-17 08:22:02",data_loader
11389,1982,1,20,11,NULL,NULL,"2004-09-14 00:00:00",g_days,"2021-03-17 08:22:02",data_loader
11390,1982,2,19,9,NULL,NULL,"2004-09-14 00:00:00",g_days,"2021-03-17 08:22:02",data_loader
11391,1982,3,21,10,NULL,NULL,"2004-09-14 00:00:00",g_days,"2021-03-17 08:22:02",data_loader
11392,1982,4,22,8,NULL,NULL,"2004-09-14 00:00:00",g_days,"2021-03-17 08:22:02",data_loader
11393,1982,5,20,11,NULL,NULL,"2004-09-14 00:00:00",g_days,"2021-03-17 08:22:02",data_loader
11394,1982,6,22,8,NULL,NULL,"2004-09-14 00:00:00",g_days,"2021-03-17 08:22:02",data_loader
11395,1982,7,20,11,NULL,NULL,"2004-09-14 00:00:00",g_days,"2021-03-17 08:22:02",data_loader
11396,1982,8,22,9,NULL,NULL,"2004-09-14 00:00:00",g_days,"2021-03-17 08:22:02",data_loader
11397,1982,9,21,9,NULL,NULL,"2004-09-14 00:00:00",g_days,"2021-03-17 08:22:02",data_loader
11398,1982,10,20,11,NULL,NULL,"2004-09-14 00:00:00",g_days,"2021-03-17 08:22:02",data_loader
11399,1982,11,18,12,NULL,NULL,"2004-09-14 00:00:00",g_days,"2021-03-17 08:22:02",data_loader
11400,1982,12,20,11,NULL,NULL,"2004-09-14 00:00:00",g_days,"2021-03-17 08:22:02",data_loader
11401,1983,1,21,10,NULL,NULL,"2004-09-14 00:00:00",g_days,"2021-03-17 08:22:02",data_loader
11402,1983,2,19,9,NULL,NULL,"2004-09-14 00:00:00",g_days,"2021-03-17 08:22:02",data_loader
11403,1983,3,22,9,NULL,NULL,"2004-09-14 00:00:00",g_days,"2021-03-17 08:22:02",data_loader
11404,1983,4,20,10,NULL,NULL,"2004-09-14 00:00:00",g_days,"2021-03-17 08:22:02",data_loader
11405,1983,5,21,10,NULL,NULL,"2004-09-14 00:00:00",g_days,"2021-03-17 08:22:02",data_loader
11406,1983,6,22,8,NULL,NULL,"2004-09-14 00:00:00",g_days,"2021-03-17 08:22:02",data_loader
11407,1983,7,19,12,NULL,NULL,"2004-09-14 00:00:00",g_days,"2021-03-17 08:22:02",data_loader
11408,1983,8,23,8,NULL,NULL,"2004-09-14 00:00:00",g_days,"2021-03-17 08:22:02",data_loader
11409,1983,9,21,9,NULL,NULL,"2004-09-14 00:00:00",g_days,"2021-03-17 08:22:02",data_loader
11410,1983,10,20,11,NULL,NULL,"2004-09-14 00:00:00",g_days,"2021-03-17 08:22:02",data_loader
11411,1983,11,19,11,NULL,NULL,"2004-09-14 00:00:00",g_days,"2021-03-17 08:22:02",data_loader
11412,1983,12,20,11,NULL,NULL,"2004-09-14 00:00:00",g_days,"2021-03-17 08:22:02",data_loader
11413,1984,1,21,10,NULL,NULL,"2004-09-14 00:00:00",g_days,"2021-03-17 08:22:02",data_loader
11414,1984,2,20,9,NULL,NULL,"2004-09-14 00:00:00",g_days,"2021-03-17 08:22:02",data_loader
11415,1984,3,20,11,NULL,NULL,"2004-09-14 00:00:00",g_days,"2021-03-17 08:22:02",data_loader
11416,1984,4,21,9,NULL,NULL,"2004-09-14 00:00:00",g_days,"2021-03-17 08:22:02",data_loader
11417,1984,5,22,9,NULL,NULL,"2004-09-14 00:00:00",g_days,"2021-03-17 08:22:02",data_loader
11418,1984,6,21,9,NULL,NULL,"2004-09-14 00:00:00",g_days,"2021-03-17 08:22:02",data_loader
11419,1984,7,20,11,NULL,NULL,"2004-09-14 00:00:00",g_days,"2021-03-17 08:22:02",data_loader
11420,1984,8,23,8,NULL,NULL,"2004-09-14 00:00:00",g_days,"2021-03-17 08:22:02",data_loader
11421,1984,9,19,11,NULL,NULL,"2004-09-14 00:00:00",g_days,"2021-03-17 08:22:02",data_loader
11422,1984,10,22,9,NULL,NULL,"2004-09-14 00:00:00",g_days,"2021-03-17 08:22:02",data_loader
11423,1984,11,19,11,NULL,NULL,"2004-09-14 00:00:00",g_days,"2021-03-17 08:22:02",data_loader
11424,1984,12,20,11,NULL,NULL,"2004-09-14 00:00:00",g_days,"2021-03-17 08:22:02",data_loader
11425,1985,1,22,9,NULL,NULL,"2004-09-14 00:00:00",g_days,"2021-03-17 08:22:02",data_loader
11426,1985,2,19,9,NULL,NULL,"2004-09-14 00:00:00",g_days,"2021-03-17 08:22:02",data_loader
11427,1985,3,19,12,NULL,NULL,"2004-09-14 00:00:00",g_days,"2021-03-17 08:22:02",data_loader
11428,1985,4,22,8,NULL,NULL,"2004-09-14 00:00:00",g_days,"2021-03-17 08:22:02",data_loader
11429,1985,5,22,9,NULL,NULL,"2004-09-14 00:00:00",g_days,"2021-03-17 08:22:02",data_loader
11430,1985,6,20,10,NULL,NULL,"2004-09-14 00:00:00",g_days,"2021-03-17 08:22:02",data_loader
11431,1985,7,21,10,NULL,NULL,"2004-09-14 00:00:00",g_days,"2021-03-17 08:22:02",data_loader
11432,1985,8,22,9,NULL,NULL,"2004-09-14 00:00:00",g_days,"2021-03-17 08:22:02",data_loader
11433,1985,9,20,10,NULL,NULL,"2004-09-14 00:00:00",g_days,"2021-03-17 08:22:02",data_loader
11434,1985,10,22,9,NULL,NULL,"2004-09-14 00:00:00",g_days,"2021-03-17 08:22:02",data_loader
11435,1985,11,18,12,NULL,NULL,"2004-09-14 00:00:00",g_days,"2021-03-17 08:22:02",data_loader
11436,1985,12,21,10,NULL,NULL,"2004-09-14 00:00:00",g_days,"2021-03-17 08:22:02",data_loader
11437,1986,1,21,10,NULL,NULL,"2004-09-14 00:00:00",g_days,"2021-03-17 08:22:02",data_loader
11438,1986,2,19,9,NULL,NULL,"2004-09-14 00:00:00",g_days,"2021-03-17 08:22:02",data_loader
11439,1986,3,19,12,NULL,NULL,"2004-09-14 00:00:00",g_days,"2021-03-17 08:22:02",data_loader
11440,1986,4,22,8,NULL,NULL,"2004-09-14 00:00:00",g_days,"2021-03-17 08:22:02",data_loader
11441,1986,5,21,10,NULL,NULL,"2004-09-14 00:00:00",g_days,"2021-03-17 08:22:02",data_loader
11442,1986,6,21,9,NULL,NULL,"2004-09-14 00:00:00",g_days,"2021-03-17 08:22:02",data_loader
11443,1986,7,21,10,NULL,NULL,"2004-09-14 00:00:00",g_days,"2021-03-17 08:22:02",data_loader
11444,1986,8,21,10,NULL,NULL,"2004-09-14 00:00:00",g_days,"2021-03-17 08:22:02",data_loader
11445,1986,9,21,9,NULL,NULL,"2004-09-14 00:00:00",g_days,"2021-03-17 08:22:02",data_loader
11446,1986,10,22,9,NULL,NULL,"2004-09-14 00:00:00",g_days,"2021-03-17 08:22:02",data_loader
11447,1986,11,16,14,NULL,NULL,"2004-09-14 00:00:00",g_days,"2021-03-17 08:22:02",data_loader
11448,1986,12,21,10,NULL,NULL,"2004-09-14 00:00:00",g_days,"2021-03-17 08:22:02",data_loader
11449,1987,1,20,11,NULL,NULL,"2004-09-14 00:00:00",g_days,"2021-03-17 08:22:02",data_loader
11450,1987,2,19,9,NULL,NULL,"2004-09-14 00:00:00",g_days,"2021-03-17 08:22:02",data_loader
11451,1987,3,20,11,NULL,NULL,"2004-09-14 00:00:00",g_days,"2021-03-17 08:22:02",data_loader
11452,1987,4,22,8,NULL,NULL,"2004-09-14 00:00:00",g_days,"2021-03-17 08:22:02",data_loader
11453,1987,5,20,11,NULL,NULL,"2004-09-14 00:00:00",g_days,"2021-03-17 08:22:02",data_loader
11454,1987,6,22,8,NULL,NULL,"2004-09-14 00:00:00",g_days,"2021-03-17 08:22:02",data_loader
11455,1987,7,21,10,NULL,NULL,"2004-09-14 00:00:00",g_days,"2021-03-17 08:22:02",data_loader
11456,1987,8,21,10,NULL,NULL,"2004-09-14 00:00:00",g_days,"2021-03-17 08:22:02",data_loader
11457,1987,9,21,9,NULL,NULL,"2004-09-14 00:00:00",g_days,"2021-03-17 08:22:02",data_loader
11458,1987,10,21,10,NULL,NULL,"2004-09-14 00:00:00",g_days,"2021-03-17 08:22:02",data_loader
11459,1987,11,18,12,NULL,NULL,"2004-09-14 00:00:00",g_days,"2021-03-17 08:22:02",data_loader
11460,1987,12,21,10,NULL,NULL,"2004-09-14 00:00:00",g_days,"2021-03-17 08:22:02",data_loader
11461,1988,1,19,12,NULL,NULL,"2004-09-14 00:00:00",g_days,"2021-03-17 08:22:02",data_loader
11462,1988,2,20,9,NULL,NULL,"2004-09-14 00:00:00",g_days,"2021-03-17 08:22:02",data_loader
11463,1988,3,22,9,NULL,NULL,"2004-09-14 00:00:00",g_days,"2021-03-17 08:22:02",data_loader
11464,1988,4,20,10,NULL,NULL,"2004-09-14 00:00:00",g_days,"2021-03-17 08:22:02",data_loader
11465,1988,5,21,10,NULL,NULL,"2004-09-14 00:00:00",g_days,"2021-03-17 08:22:02",data_loader
11466,1988,6,22,8,NULL,NULL,"2004-09-14 00:00:00",g_days,"2021-03-17 08:22:02",data_loader
11467,1988,7,19,12,NULL,NULL,"2004-09-14 00:00:00",g_days,"2021-03-17 08:22:02",data_loader
11468,1988,8,23,8,NULL,NULL,"2004-09-14 00:00:00",g_days,"2021-03-17 08:22:02",data_loader
11469,1988,9,21,9,NULL,NULL,"2004-09-14 00:00:00",g_days,"2021-03-17 08:22:02",data_loader
11470,1988,10,20,11,NULL,NULL,"2004-09-14 00:00:00",g_days,"2021-03-17 08:22:02",data_loader
11471,1988,11,18,12,NULL,NULL,"2004-09-14 00:00:00",g_days,"2021-03-17 08:22:02",data_loader
11472,1988,12,20,11,NULL,NULL,"2004-09-14 00:00:00",g_days,"2021-03-17 08:22:02",data_loader
11473,1989,1,20,11,NULL,NULL,"2004-09-14 00:00:00",g_days,"2021-03-17 08:22:02",data_loader
11474,1989,2,19,9,NULL,NULL,"2004-09-14 00:00:00",g_days,"2021-03-17 08:22:02",data_loader
11475,1989,3,21,10,NULL,NULL,"2004-09-14 00:00:00",g_days,"2021-03-17 08:22:02",data_loader
11476,1989,4,20,10,NULL,NULL,"2004-09-14 00:00:00",g_days,"2021-03-17 08:22:02",data_loader
11477,1989,5,22,9,NULL,NULL,"2004-09-14 00:00:00",g_days,"2021-03-17 08:22:02",data_loader
11478,1989,6,22,8,NULL,NULL,"2004-09-14 00:00:00",g_days,"2021-03-17 08:22:02",data_loader
11479,1989,7,19,12,NULL,NULL,"2004-09-14 00:00:00",g_days,"2021-03-17 08:22:02",data_loader
11480,1989,8,23,8,NULL,NULL,"2004-09-14 00:00:00",g_days,"2021-03-17 08:22:02",data_loader
11481,1989,9,20,10,NULL,NULL,"2004-09-14 00:00:00",g_days,"2021-03-17 08:22:02",data_loader
11482,1989,10,21,10,NULL,NULL,"2004-09-14 00:00:00",g_days,"2021-03-17 08:22:02",data_loader
11483,1989,11,20,10,NULL,NULL,"2004-09-14 00:00:00",g_days,"2021-03-17 08:22:02",data_loader
11484,1989,12,19,12,NULL,NULL,"2004-09-14 00:00:00",g_days,"2021-03-17 08:22:02",data_loader
11485,1990,1,21,10,NULL,NULL,"2004-09-14 00:00:00",g_days,"2021-03-17 08:22:02",data_loader
11486,1990,2,19,9,NULL,NULL,"2004-09-14 00:00:00",g_days,"2021-03-17 08:22:02",data_loader
11487,1990,3,20,11,NULL,NULL,"2004-09-14 00:00:00",g_days,"2021-03-17 08:22:02",data_loader
11488,1990,4,21,9,NULL,NULL,"2004-09-14 00:00:00",g_days,"2021-03-17 08:22:02",data_loader
11489,1990,5,22,9,NULL,NULL,"2004-09-14 00:00:00",g_days,"2021-03-17 08:22:02",data_loader
11490,1990,6,21,9,NULL,NULL,"2004-09-14 00:00:00",g_days,"2021-03-17 08:22:02",data_loader
11491,1990,7,20,11,NULL,NULL,"2004-09-14 00:00:00",g_days,"2021-03-17 08:22:02",data_loader
11492,1990,8,23,8,NULL,NULL,"2004-09-14 00:00:00",g_days,"2021-03-17 08:22:02",data_loader
11493,1990,9,19,11,NULL,NULL,"2004-09-14 00:00:00",g_days,"2021-03-17 08:22:02",data_loader
11494,1990,10,22,9,NULL,NULL,"2004-09-14 00:00:00",g_days,"2021-03-17 08:22:02",data_loader
11495,1990,11,19,11,NULL,NULL,"2004-09-14 00:00:00",g_days,"2021-03-17 08:22:02",data_loader
11496,1990,12,20,11,NULL,NULL,"2004-09-14 00:00:00",g_days,"2021-03-17 08:22:02",data_loader
11497,1991,1,21,10,NULL,NULL,"2004-09-14 00:00:00",g_days,"2021-03-17 08:22:02",data_loader
11498,1991,2,19,9,NULL,NULL,"2004-09-14 00:00:00",g_days,"2021-03-17 08:22:02",data_loader
11499,1991,3,19,12,NULL,NULL,"2004-09-14 00:00:00",g_days,"2021-03-17 08:22:02",data_loader
11500,1991,4,22,8,NULL,NULL,"2004-09-14 00:00:00",g_days,"2021-03-17 08:22:02",data_loader
11501,1991,5,22,9,NULL,NULL,"2004-09-14 00:00:00",g_days,"2021-03-17 08:22:02",data_loader
11502,1991,6,20,10,NULL,NULL,"2004-09-14 00:00:00",g_days,"2021-03-17 08:22:02",data_loader
11503,1991,7,21,10,NULL,NULL,"2004-09-14 00:00:00",g_days,"2021-03-17 08:22:02",data_loader
11504,1991,8,22,9,NULL,NULL,"2004-09-14 00:00:00",g_days,"2021-03-17 08:22:02",data_loader
11505,1991,9,20,10,NULL,NULL,"2004-09-14 00:00:00",g_days,"2021-03-17 08:22:02",data_loader
11506,1991,10,22,9,NULL,NULL,"2004-09-14 00:00:00",g_days,"2021-03-17 08:22:02",data_loader
11507,1991,11,18,12,NULL,NULL,"2004-09-14 00:00:00",g_days,"2021-03-17 08:22:02",data_loader
11508,1991,12,21,10,NULL,NULL,"2004-09-14 00:00:00",g_days,"2021-03-17 08:22:02",data_loader
11509,1992,1,21,10,NULL,NULL,"2004-09-14 00:00:00",g_days,"2021-03-17 08:22:02",data_loader
11510,1992,2,19,10,NULL,NULL,"2004-09-14 00:00:00",g_days,"2021-03-17 08:22:02",data_loader
11511,1992,3,21,10,NULL,NULL,"2004-09-14 00:00:00",g_days,"2021-03-17 08:22:02",data_loader
11512,1992,4,21,9,NULL,NULL,"2004-09-14 00:00:00",g_days,"2021-03-17 08:22:02",data_loader
11513,1992,5,20,11,NULL,NULL,"2004-09-14 00:00:00",g_days,"2021-03-17 08:22:02",data_loader
11514,1992,6,22,8,NULL,NULL,"2004-09-14 00:00:00",g_days,"2021-03-17 08:22:02",data_loader
11515,1992,7,21,10,NULL,NULL,"2004-09-14 00:00:00",g_days,"2021-03-17 08:22:02",data_loader
11516,1992,8,21,10,NULL,NULL,"2004-09-14 00:00:00",g_days,"2021-03-17 08:22:02",data_loader
11517,1992,9,21,9,NULL,NULL,"2004-09-14 00:00:00",g_days,"2021-03-17 08:22:02",data_loader
11518,1992,10,21,10,NULL,NULL,"2004-09-14 00:00:00",g_days,"2021-03-17 08:22:02",data_loader
11519,1992,11,17,13,NULL,NULL,"2004-09-14 00:00:00",g_days,"2021-03-17 08:22:02",data_loader
11520,1992,12,21,10,NULL,NULL,"2004-09-14 00:00:00",g_days,"2021-03-17 08:22:02",data_loader
11521,1993,1,19,12,NULL,NULL,"2004-09-14 00:00:00",g_days,"2021-03-17 08:22:02",data_loader
11522,1993,2,19,9,NULL,NULL,"2004-09-14 00:00:00",g_days,"2021-03-17 08:22:02",data_loader
11523,1993,3,22,9,NULL,NULL,"2004-09-14 00:00:00",g_days,"2021-03-17 08:22:02",data_loader
11524,1993,4,21,9,NULL,NULL,"2004-09-14 00:00:00",g_days,"2021-03-17 08:22:02",data_loader
11525,1993,5,20,11,NULL,NULL,"2004-09-14 00:00:00",g_days,"2021-03-17 08:22:02",data_loader
11526,1993,6,22,8,NULL,NULL,"2004-09-14 00:00:00",g_days,"2021-03-17 08:22:02",data_loader
11527,1993,7,20,11,NULL,NULL,"2004-09-14 00:00:00",g_days,"2021-03-17 08:22:02",data_loader
11528,1993,8,22,9,NULL,NULL,"2004-09-14 00:00:00",g_days,"2021-03-17 08:22:02",data_loader
11529,1993,9,21,9,NULL,NULL,"2004-09-14 00:00:00",g_days,"2021-03-17 08:22:02",data_loader
11530,1993,10,20,11,NULL,NULL,"2004-09-14 00:00:00",g_days,"2021-03-17 08:22:02",data_loader
11531,1993,11,19,11,NULL,NULL,"2004-09-14 00:00:00",g_days,"2021-03-17 08:22:02",data_loader
11532,1993,12,20,11,NULL,NULL,"2004-09-14 00:00:00",g_days,"2021-03-17 08:22:02",data_loader
11533,1994,1,20,11,NULL,NULL,"2004-09-14 00:00:00",g_days,"2021-03-17 08:22:02",data_loader
11534,1994,2,19,9,NULL,NULL,"2004-09-14 00:00:00",g_days,"2021-03-17 08:22:02",data_loader
11535,1994,3,22,9,NULL,NULL,"2004-09-14 00:00:00",g_days,"2021-03-17 08:22:02",data_loader
11536,1994,4,19,11,NULL,NULL,"2004-09-14 00:00:00",g_days,"2021-03-17 08:22:02",data_loader
11537,1994,5,21,10,NULL,NULL,"2004-09-14 00:00:00",g_days,"2021-03-17 08:22:02",data_loader
11538,1994,6,22,8,NULL,NULL,"2004-09-14 00:00:00",g_days,"2021-03-17 08:22:02",data_loader
11539,1994,7,19,12,NULL,NULL,"2004-09-14 00:00:00",g_days,"2021-03-17 08:22:02",data_loader
11540,1994,8,23,8,NULL,NULL,"2004-09-14 00:00:00",g_days,"2021-03-17 08:22:02",data_loader
11541,1994,9,21,9,NULL,NULL,"2004-09-14 00:00:00",g_days,"2021-03-17 08:22:02",data_loader
11542,1994,10,20,11,NULL,NULL,"2004-09-14 00:00:00",g_days,"2021-03-17 08:22:02",data_loader
11543,1994,11,18,12,NULL,NULL,"2004-09-14 00:00:00",g_days,"2021-03-17 08:22:02",data_loader
11544,1994,12,20,11,NULL,NULL,"2004-09-14 00:00:00",g_days,"2021-03-17 08:22:02",data_loader
11545,1995,1,20,11,NULL,NULL,"2004-09-14 00:00:00",g_days,"2021-03-17 08:22:02",data_loader
11546,1995,2,19,9,NULL,NULL,"2004-09-14 00:00:00",g_days,"2021-03-17 08:22:02",data_loader
11547,1995,3,22,9,NULL,NULL,"2004-09-14 00:00:00",g_days,"2021-03-17 08:22:02",data_loader
11548,1995,4,19,11,NULL,NULL,"2004-09-14 00:00:00",g_days,"2021-03-17 08:22:02",data_loader
11549,1995,5,22,9,NULL,NULL,"2004-09-14 00:00:00",g_days,"2021-03-17 08:22:02",data_loader
11550,1995,6,22,8,NULL,NULL,"2004-09-14 00:00:00",g_days,"2021-03-17 08:22:02",data_loader
11551,1995,7,19,12,NULL,NULL,"2004-09-14 00:00:00",g_days,"2021-03-17 08:22:02",data_loader
11552,1995,8,23,8,NULL,NULL,"2004-09-14 00:00:00",g_days,"2021-03-17 08:22:02",data_loader
11553,1995,9,20,10,NULL,NULL,"2004-09-14 00:00:00",g_days,"2021-03-17 08:22:02",data_loader
11554,1995,10,21,10,NULL,NULL,"2004-09-14 00:00:00",g_days,"2021-03-17 08:22:02",data_loader
11555,1995,11,20,10,NULL,NULL,"2004-09-14 00:00:00",g_days,"2021-03-17 08:22:02",data_loader
11556,1995,12,19,12,NULL,NULL,"2004-09-14 00:00:00",g_days,"2021-03-17 08:22:02",data_loader
11557,1996,1,21,10,NULL,NULL,"2004-09-14 00:00:00",g_days,"2021-03-17 08:22:02",data_loader
11558,1996,2,20,9,NULL,NULL,"2004-09-14 00:00:00",g_days,"2021-03-17 08:22:02",data_loader
11559,1996,3,20,11,NULL,NULL,"2004-09-14 00:00:00",g_days,"2021-03-17 08:22:02",data_loader
11560,1996,4,21,9,NULL,NULL,"2004-09-14 00:00:00",g_days,"2021-03-17 08:22:02",data_loader
11561,1996,5,22,9,NULL,NULL,"2004-09-14 00:00:00",g_days,"2021-03-17 08:22:02",data_loader
11562,1996,6,20,10,NULL,NULL,"2004-09-14 00:00:00",g_days,"2021-03-17 08:22:02",data_loader
11563,1996,7,21,10,NULL,NULL,"2004-09-14 00:00:00",g_days,"2021-03-17 08:22:02",data_loader
11564,1996,8,22,9,NULL,NULL,"2004-09-14 00:00:00",g_days,"2021-03-17 08:22:02",data_loader
11565,1996,9,20,10,NULL,NULL,"2004-09-14 00:00:00",g_days,"2021-03-17 08:22:02",data_loader
11566,1996,10,22,9,NULL,NULL,"2004-09-14 00:00:00",g_days,"2021-03-17 08:22:02",data_loader
11567,1996,11,17,13,NULL,NULL,"2004-09-14 00:00:00",g_days,"2021-03-17 08:22:02",data_loader
11568,1996,12,21,10,NULL,NULL,"2004-09-14 00:00:00",g_days,"2021-03-17 08:22:02",data_loader
11569,1997,1,21,10,NULL,NULL,"2004-09-14 00:00:00",g_days,"2021-03-17 08:22:02",data_loader
11570,1997,2,19,9,NULL,NULL,"2004-09-14 00:00:00",g_days,"2021-03-17 08:22:02",data_loader
11571,1997,3,19,12,NULL,NULL,"2004-09-14 00:00:00",g_days,"2021-03-17 08:22:02",data_loader
11572,1997,4,22,8,NULL,NULL,"2004-09-14 00:00:00",g_days,"2021-03-17 08:22:02",data_loader
11573,1997,5,21,10,NULL,NULL,"2004-09-14 00:00:00",g_days,"2021-03-17 08:22:02",data_loader
11574,1997,6,21,9,NULL,NULL,"2004-09-14 00:00:00",g_days,"2021-03-17 08:22:02",data_loader
11575,1997,7,21,10,NULL,NULL,"2004-09-14 00:00:00",g_days,"2021-03-17 08:22:02",data_loader
11576,1997,8,21,10,NULL,NULL,"2004-09-14 00:00:00",g_days,"2021-03-17 08:22:02",data_loader
11577,1997,9,21,9,NULL,NULL,"2004-09-14 00:00:00",g_days,"2021-03-17 08:22:02",data_loader
11578,1997,10,22,9,NULL,NULL,"2004-09-14 00:00:00",g_days,"2021-03-17 08:22:02",data_loader
11579,1997,11,17,13,NULL,NULL,"2004-09-14 00:00:00",g_days,"2021-03-17 08:22:02",data_loader
11580,1997,12,20,11,NULL,NULL,"2004-09-14 00:00:00",g_days,"2021-03-17 08:22:02",data_loader
11581,1998,1,20,11,NULL,NULL,"2004-09-14 00:00:00",g_days,"2021-03-17 08:22:02",data_loader
11582,1998,2,19,9,NULL,NULL,"2004-09-14 00:00:00",g_days,"2021-03-17 08:22:02",data_loader
11583,1998,3,21,10,NULL,NULL,"2004-09-14 00:00:00",g_days,"2021-03-17 08:22:02",data_loader
11584,1998,4,21,9,NULL,NULL,"2004-09-14 00:00:00",g_days,"2021-03-17 08:22:02",data_loader
11585,1998,5,20,11,NULL,NULL,"2004-09-14 00:00:00",g_days,"2021-03-17 08:22:02",data_loader
11586,1998,6,22,8,NULL,NULL,"2004-09-14 00:00:00",g_days,"2021-03-17 08:22:02",data_loader
11587,1998,7,21,10,NULL,NULL,"2004-09-14 00:00:00",g_days,"2021-03-17 08:22:02",data_loader
11588,1998,8,21,10,NULL,NULL,"2004-09-14 00:00:00",g_days,"2021-03-17 08:22:02",data_loader
11589,1998,9,21,9,NULL,NULL,"2004-09-14 00:00:00",g_days,"2021-03-17 08:22:02",data_loader
11590,1998,10,21,10,NULL,NULL,"2004-09-14 00:00:00",g_days,"2021-03-17 08:22:02",data_loader
11591,1998,11,17,13,NULL,NULL,"2004-09-14 00:00:00",g_days,"2021-03-17 08:22:02",data_loader
11592,1998,12,21,10,NULL,NULL,"2004-09-14 00:00:00",g_days,"2021-03-17 08:22:02",data_loader
11593,1999,1,19,12,NULL,NULL,"2004-09-14 00:00:00",g_days,"2021-03-17 08:22:02",data_loader
11594,1999,2,19,9,NULL,NULL,"2004-09-14 00:00:00",g_days,"2021-03-17 08:22:02",data_loader
11595,1999,3,22,9,NULL,NULL,"2004-09-14 00:00:00",g_days,"2021-03-17 08:22:02",data_loader
11596,1999,4,21,9,NULL,NULL,"2004-09-14 00:00:00",g_days,"2021-03-17 08:22:02",data_loader
11597,1999,5,20,11,NULL,NULL,"2004-09-14 00:00:00",g_days,"2021-03-17 08:22:02",data_loader
11598,1999,6,22,8,NULL,NULL,"2004-09-14 00:00:00",g_days,"2021-03-17 08:22:02",data_loader
11599,1999,7,20,11,NULL,NULL,"2004-09-14 00:00:00",g_days,"2021-03-17 08:22:02",data_loader
11600,1999,8,22,9,NULL,NULL,"2004-09-14 00:00:00",g_days,"2021-03-17 08:22:02",data_loader
11601,1999,9,21,9,NULL,NULL,"2004-09-14 00:00:00",g_days,"2021-03-17 08:22:02",data_loader
11602,1999,10,20,11,NULL,NULL,"2004-09-14 00:00:00",g_days,"2021-03-17 08:22:02",data_loader
11603,1999,11,19,11,NULL,NULL,"2004-09-14 00:00:00",g_days,"2021-03-17 08:22:02",data_loader
11604,1999,12,20,11,NULL,NULL,"2004-09-14 00:00:00",g_days,"2021-03-17 08:22:02",data_loader
11605,2000,1,20,11,NULL,NULL,"2004-09-14 00:00:00",g_days,"2021-03-17 08:22:02",data_loader
11606,2000,2,20,9,NULL,NULL,"2004-09-14 00:00:00",g_days,"2021-03-17 08:22:02",data_loader
11607,2000,3,22,9,NULL,NULL,"2004-09-14 00:00:00",g_days,"2021-03-17 08:22:02",data_loader
11608,2000,4,19,11,NULL,NULL,"2004-09-14 00:00:00",g_days,"2021-03-17 08:22:02",data_loader
11609,2000,5,22,9,NULL,NULL,"2004-09-14 00:00:00",g_days,"2021-03-17 08:22:02",data_loader
11610,2000,6,22,8,NULL,NULL,"2004-09-14 00:00:00",g_days,"2021-03-17 08:22:02",data_loader
11611,2000,7,19,12,NULL,NULL,"2004-09-14 00:00:00",g_days,"2021-03-17 08:22:02",data_loader
11612,2000,8,23,8,NULL,NULL,"2004-09-14 00:00:00",g_days,"2021-03-17 08:22:02",data_loader
11613,2000,9,20,10,NULL,NULL,"2004-09-14 00:00:00",g_days,"2021-03-17 08:22:02",data_loader
11614,2000,10,21,10,NULL,NULL,"2004-09-14 00:00:00",g_days,"2021-03-17 08:22:02",data_loader
11615,2000,11,19,11,NULL,NULL,"2004-09-14 00:00:00",g_days,"2021-03-17 08:22:02",data_loader
11616,2000,12,19,12,NULL,NULL,"2004-09-14 00:00:00",g_days,"2021-03-17 08:22:02",data_loader
11617,2001,1,21,10,NULL,NULL,"2004-09-14 00:00:00",g_days,"2021-03-17 08:22:02",data_loader
11618,2001,2,19,9,NULL,NULL,"2004-09-14 00:00:00",g_days,"2021-03-17 08:22:02",data_loader
11619,2001,3,21,10,NULL,NULL,"2004-09-14 00:00:00",g_days,"2021-03-17 08:22:02",data_loader
11620,2001,4,20,10,NULL,NULL,"2004-09-14 00:00:00",g_days,"2021-03-17 08:22:02",data_loader
11621,2001,5,22,9,NULL,NULL,"2004-09-14 00:00:00",g_days,"2021-03-17 08:22:02",data_loader
11622,2001,6,21,9,NULL,NULL,"2004-09-14 00:00:00",g_days,"2021-03-17 08:22:02",data_loader
11623,2001,7,20,11,NULL,NULL,"2004-09-14 00:00:00",g_days,"2021-03-17 08:22:02",data_loader
11624,2001,8,23,8,NULL,NULL,"2004-09-14 00:00:00",g_days,"2021-03-17 08:22:02",data_loader
11625,2001,9,19,11,NULL,NULL,"2004-09-14 00:00:00",g_days,"2021-03-17 08:22:02",data_loader
11626,2001,10,22,9,NULL,NULL,"2004-09-14 00:00:00",g_days,"2021-03-17 08:22:02",data_loader
11627,2001,11,20,10,NULL,NULL,"2004-09-14 00:00:00",g_days,"2021-03-17 08:22:02",data_loader
11628,2001,12,20,11,NULL,NULL,"2004-09-14 00:00:00",g_days,"2021-03-17 08:22:02",data_loader
11629,2002,1,21,10,NULL,NULL,"2004-09-14 00:00:00",g_days,"2021-03-17 08:22:02",data_loader
11630,2002,2,19,9,NULL,NULL,"2004-09-14 00:00:00",g_days,"2021-03-17 08:22:02",data_loader
11631,2002,3,19,12,NULL,NULL,"2004-09-14 00:00:00",g_days,"2021-03-17 08:22:02",data_loader
11632,2002,4,22,8,NULL,NULL,"2004-09-14 00:00:00",g_days,"2021-03-17 08:22:02",data_loader
11633,2002,5,22,9,NULL,NULL,"2004-09-14 00:00:00",g_days,"2021-03-17 08:22:02",data_loader
11634,2002,6,20,10,NULL,NULL,"2004-09-14 00:00:00",g_days,"2021-03-17 08:22:02",data_loader
11635,2002,7,21,10,NULL,NULL,"2004-09-14 00:00:00",g_days,"2021-03-17 08:22:02",data_loader
11636,2002,8,22,9,NULL,NULL,"2004-09-14 00:00:00",g_days,"2021-03-17 08:22:02",data_loader
11637,2002,9,20,10,NULL,NULL,"2004-09-14 00:00:00",g_days,"2021-03-17 08:22:02",data_loader
11638,2002,10,22,9,NULL,NULL,"2004-09-14 00:00:00",g_days,"2021-03-17 08:22:02",data_loader
11639,2002,11,17,13,NULL,NULL,"2004-09-14 00:00:00",g_days,"2021-03-17 08:22:02",data_loader
11640,2002,12,21,10,NULL,NULL,"2004-09-14 00:00:00",g_days,"2021-03-17 08:22:02",data_loader
11641,2003,1,22,9,NULL,NULL,"2004-09-14 00:00:00",g_days,"2021-03-17 08:22:02",data_loader
11642,2003,2,20,8,NULL,NULL,"2004-09-14 00:00:00",g_days,"2021-03-17 08:22:02",data_loader
11643,2003,3,20,11,NULL,NULL,"2004-09-14 00:00:00",g_days,"2021-03-17 08:22:02",data_loader
11644,2003,4,22,8,NULL,NULL,"2004-09-14 00:00:00",g_days,"2021-03-17 08:22:02",data_loader
11645,2003,5,21,10,NULL,NULL,"2004-09-14 00:00:00",g_days,"2021-03-17 08:22:02",data_loader
11646,2003,6,21,9,NULL,NULL,"2004-09-14 00:00:00",g_days,"2021-03-17 08:22:02",data_loader
11647,2003,7,21,10,NULL,NULL,"2004-09-14 00:00:00",g_days,"2021-03-17 08:22:02",data_loader
11648,2003,8,21,10,NULL,NULL,"2004-09-14 00:00:00",g_days,"2021-03-17 08:22:02",data_loader
11649,2003,9,21,9,NULL,NULL,"2004-09-14 00:00:00",g_days,"2021-03-17 08:22:02",data_loader
11650,2003,10,23,8,NULL,NULL,"2004-09-14 00:00:00",g_days,"2021-03-17 08:22:02",data_loader
11651,2003,11,17,13,NULL,NULL,"2004-09-14 00:00:00",g_days,"2021-03-17 08:22:02",data_loader
11652,2003,12,21,10,NULL,NULL,"2004-09-14 00:00:00",g_days,"2021-03-17 08:22:02",data_loader
11653,2004,1,21,10,NULL,NULL,"2004-09-14 00:00:00",g_days,"2021-03-17 08:22:02",data_loader
11654,2004,2,20,9,NULL,NULL,"2004-09-14 00:00:00",g_days,"2021-03-17 08:22:02",data_loader
11655,2004,3,23,8,NULL,NULL,"2004-09-14 00:00:00",g_days,"2021-03-17 08:22:02",data_loader
11656,2004,4,22,8,NULL,NULL,"2004-09-14 00:00:00",g_days,"2021-03-17 08:22:02",data_loader
11657,2004,5,20,11,NULL,NULL,"2004-09-14 00:00:00",g_days,"2021-03-17 08:22:02",data_loader
11658,2004,6,22,8,NULL,NULL,"2004-09-14 00:00:00",g_days,"2021-03-17 08:22:02",data_loader
11659,2004,7,21,10,NULL,NULL,"2004-09-14 00:00:00",g_days,"2021-03-17 08:22:02",data_loader
11660,2004,8,22,9,NULL,NULL,"2004-09-14 00:00:00",g_days,"2021-03-17 08:22:02",data_loader
11661,2004,9,21,9,NULL,NULL,"2004-09-14 00:00:00",g_days,"2021-03-17 08:22:02",data_loader
11662,2004,10,21,10,NULL,NULL,"2004-09-14 00:00:00",g_days,"2021-03-17 08:22:02",data_loader
11663,2004,11,19,11,NULL,NULL,"2004-09-14 00:00:00",g_days,"2021-03-17 08:22:02",data_loader
11664,2004,12,22,9,NULL,NULL,"2004-09-14 00:00:00",g_days,"2021-03-17 08:22:02",data_loader
11665,2005,1,21,10,NULL,NULL,"2004-09-14 00:00:00",g_days,"2021-03-17 08:22:02",data_loader
11666,2005,2,20,8,NULL,NULL,"2004-09-14 00:00:00",g_days,"2021-03-17 08:22:02",data_loader
11667,2005,3,23,8,NULL,NULL,"2004-09-14 00:00:00",g_days,"2021-03-17 08:22:02",data_loader
11668,2005,4,21,9,NULL,NULL,"2004-09-14 00:00:00",g_days,"2021-03-17 08:22:02",data_loader
11669,2005,5,21,10,NULL,NULL,"2004-09-14 00:00:00",g_days,"2021-03-17 08:22:02",data_loader
11670,2005,6,22,8,NULL,NULL,"2004-09-14 00:00:00",g_days,"2021-03-17 08:22:02",data_loader
11671,2005,7,19,12,NULL,NULL,"2004-09-14 00:00:00",g_days,"2021-03-17 08:22:02",data_loader
11672,2005,8,23,8,NULL,NULL,"2004-09-14 00:00:00",g_days,"2021-03-17 08:22:02",data_loader
11673,2005,9,21,9,NULL,NULL,"2004-09-14 00:00:00",g_days,"2021-03-17 08:22:02",data_loader
11674,2005,10,21,10,NULL,NULL,"2004-09-14 00:00:00",g_days,"2021-03-17 08:22:02",data_loader
11675,2005,11,19,11,NULL,NULL,"2004-09-14 00:00:00",g_days,"2021-03-17 08:22:02",data_loader
11676,2005,12,21,10,NULL,NULL,"2004-09-14 00:00:00",g_days,"2021-03-17 08:22:02",data_loader
11677,2006,1,22,9,NULL,NULL,"2004-09-14 00:00:00",g_days,"2021-03-17 08:22:02",data_loader
11678,2006,2,20,8,NULL,NULL,"2004-09-14 00:00:00",g_days,"2021-03-17 08:22:02",data_loader
11679,2006,3,23,8,NULL,NULL,"2004-09-14 00:00:00",g_days,"2021-03-17 08:22:02",data_loader
11680,2006,4,20,10,NULL,NULL,"2004-09-14 00:00:00",g_days,"2021-03-17 08:22:02",data_loader
11681,2006,5,22,9,NULL,NULL,"2004-09-14 00:00:00",g_days,"2021-03-17 08:22:02",data_loader
11682,2006,6,22,8,NULL,NULL,"2004-09-14 00:00:00",g_days,"2021-03-17 08:22:02",data_loader
11683,2006,7,19,12,NULL,NULL,"2004-09-14 00:00:00",g_days,"2021-03-17 08:22:02",data_loader
11684,2006,8,23,8,NULL,NULL,"2004-09-14 00:00:00",g_days,"2021-03-17 08:22:02",data_loader
11685,2006,9,20,10,NULL,NULL,"2004-09-14 00:00:00",g_days,"2021-03-17 08:22:02",data_loader
11686,2006,10,22,9,NULL,NULL,"2004-09-14 00:00:00",g_days,"2021-03-17 08:22:02",data_loader
11687,2006,11,20,10,NULL,NULL,"2004-09-14 00:00:00",g_days,"2021-03-17 08:22:02",data_loader
11688,2006,12,19,12,NULL,NULL,"2004-09-14 00:00:00",g_days,"2021-03-17 08:22:02",data_loader
11689,2007,1,22,9,NULL,NULL,"2007-01-11 00:00:00",g_days,"2021-03-17 08:22:02",data_loader
11690,2007,2,20,8,NULL,NULL,"2007-01-11 00:00:00",g_days,"2021-03-17 08:22:02",data_loader
11691,2007,3,22,9,NULL,NULL,"2007-01-11 00:00:00",g_days,"2021-03-17 08:22:02",data_loader
11692,2007,4,21,9,NULL,NULL,"2007-01-11 00:00:00",g_days,"2021-03-17 08:22:02",data_loader
11693,2007,5,22,9,NULL,NULL,"2007-01-11 00:00:00",g_days,"2021-03-17 08:22:02",data_loader
11694,2007,6,21,9,NULL,NULL,"2007-01-11 00:00:00",g_days,"2021-03-17 08:22:02",data_loader
11695,2007,7,20,11,NULL,NULL,"2007-01-11 00:00:00",g_days,"2021-03-17 08:22:02",data_loader
11696,2007,8,23,8,NULL,NULL,"2007-01-11 00:00:00",g_days,"2021-03-17 08:22:02",data_loader
11697,2007,9,19,11,NULL,NULL,"2007-01-11 00:00:00",g_days,"2021-03-17 08:22:02",data_loader
11698,2007,10,23,8,NULL,NULL,"2007-01-11 00:00:00",g_days,"2021-03-17 08:22:02",data_loader
11699,2007,11,19,11,NULL,NULL,"2007-01-11 00:00:00",g_days,"2021-03-17 08:22:02",data_loader
11700,2007,12,18,13,NULL,NULL,"2007-12-27 00:00:00",g_days,"2021-03-17 08:22:02",data_loader
11701,2008,1,22,9,NULL,NULL,"2008-01-15 00:00:00",g_days,"2021-03-17 08:22:02",data_loader
11702,2008,2,21,8,NULL,NULL,"2008-01-15 00:00:00",g_days,"2021-03-17 08:22:02",data_loader
11703,2008,3,21,10,NULL,NULL,"2008-01-15 00:00:00",g_days,"2021-03-17 08:22:02",data_loader
11704,2008,4,22,8,NULL,NULL,"2008-01-15 00:00:00",g_days,"2021-03-17 08:22:02",data_loader
11705,2008,5,21,10,NULL,NULL,"2008-01-15 00:00:00",g_days,"2021-03-17 08:22:02",data_loader
11706,2008,6,21,9,NULL,NULL,"2008-01-15 00:00:00",g_days,"2021-03-17 08:22:02",data_loader
11707,2008,7,21,10,NULL,NULL,"2008-01-15 00:00:00",g_days,"2021-03-17 08:22:02",data_loader
11708,2008,8,21,10,NULL,NULL,"2008-01-15 00:00:00",g_days,"2021-03-17 08:22:02",data_loader
11709,2008,9,21,9,NULL,NULL,"2008-01-15 00:00:00",g_days,"2021-03-17 08:22:02",data_loader
11710,2008,10,23,8,NULL,NULL,"2008-01-15 00:00:00",g_days,"2021-03-17 08:22:02",data_loader
11711,2008,11,18,12,NULL,NULL,"2008-01-15 00:00:00",g_days,"2021-03-17 08:22:02",data_loader
11712,2008,12,21,10,NULL,NULL,"2008-01-15 00:00:00",g_days,"2021-03-17 08:22:02",data_loader
11713,2009,1,20,11,NULL,NULL,"2009-01-09 00:00:00",g_days,"2021-03-17 08:22:02",data_loader
11714,2009,2,20,8,NULL,NULL,"2009-01-09 00:00:00",g_days,"2021-03-17 08:22:02",data_loader
11715,2009,3,22,9,NULL,NULL,"2009-01-09 00:00:00",g_days,"2021-03-17 08:22:02",data_loader
11716,2009,4,22,8,NULL,NULL,"2009-01-09 00:00:00",g_days,"2021-03-17 08:22:02",data_loader
11717,2009,5,20,11,NULL,NULL,"2009-01-09 00:00:00",g_days,"2021-03-17 08:22:02",data_loader
11718,2009,6,22,8,NULL,NULL,"2009-01-09 00:00:00",g_days,"2021-03-17 08:22:02",data_loader
11719,2009,7,21,10,NULL,NULL,"2009-01-09 00:00:00",g_days,"2021-03-17 08:22:02",data_loader
11720,2009,8,21,10,NULL,NULL,"2009-01-09 00:00:00",g_days,"2021-03-17 08:22:02",data_loader
11721,2009,9,21,9,NULL,NULL,"2009-01-09 00:00:00",g_days,"2021-03-17 08:22:02",data_loader
11722,2009,10,22,9,NULL,NULL,"2009-01-09 00:00:00",g_days,"2021-03-17 08:22:02",data_loader
11723,2009,11,18,12,NULL,NULL,"2009-01-09 00:00:00",g_days,"2021-03-17 08:22:02",data_loader
11724,2009,12,21,10,NULL,NULL,"2009-01-09 00:00:00",g_days,"2021-03-17 08:22:02",data_loader
11725,2010,1,19,12,NULL,NULL,"2010-01-05 00:00:00",g_days,"2021-03-17 08:22:02",data_loader
11726,2010,2,20,8,NULL,NULL,"2010-01-05 00:00:00",g_days,"2021-03-17 08:22:02",data_loader
11727,2010,3,23,8,NULL,NULL,"2010-01-05 00:00:00",g_days,"2021-03-17 08:22:02",data_loader
11728,2010,4,22,8,NULL,NULL,"2010-01-05 00:00:00",g_days,"2021-03-17 08:22:02",data_loader
11729,2010,5,20,11,NULL,NULL,"2010-01-05 00:00:00",g_days,"2021-03-17 08:22:02",data_loader
11730,2010,6,22,8,NULL,NULL,"2010-01-05 00:00:00",g_days,"2021-03-17 08:22:02",data_loader
11731,2010,7,20,11,NULL,NULL,"2010-01-05 00:00:00",g_days,"2021-03-17 08:22:02",data_loader
11732,2010,8,22,9,NULL,NULL,"2010-01-05 00:00:00",g_days,"2021-03-17 08:22:02",data_loader
11733,2010,9,21,9,NULL,NULL,"2010-01-05 00:00:00",g_days,"2021-03-17 08:22:02",data_loader
11734,2010,10,21,10,NULL,NULL,"2010-01-05 00:00:00",g_days,"2021-03-17 08:22:02",data_loader
11735,2010,11,19,11,NULL,NULL,"2010-01-05 00:00:00",g_days,"2021-03-17 08:22:02",data_loader
11736,2010,12,21,10,NULL,NULL,"2010-01-05 00:00:00",g_days,"2021-03-17 08:22:02",data_loader
11737,2011,1,20,11,NULL,NULL,"2012-01-06 00:00:00",g_days,"2021-03-17 08:22:02",data_loader
11738,2011,2,20,8,NULL,NULL,"2012-01-06 00:00:00",g_days,"2021-03-17 08:22:02",data_loader
11739,2011,3,23,8,NULL,NULL,"2012-01-06 00:00:00",g_days,"2021-03-17 08:22:02",data_loader
11740,2011,4,21,9,NULL,NULL,"2012-01-06 00:00:00",g_days,"2021-03-17 08:22:02",data_loader
11741,2011,5,21,10,NULL,NULL,"2012-01-06 00:00:00",g_days,"2021-03-17 08:22:02",data_loader
11742,2011,6,22,8,NULL,NULL,"2012-01-06 00:00:00",g_days,"2021-03-17 08:22:02",data_loader
11743,2011,7,19,12,NULL,NULL,"2012-01-06 00:00:00",g_days,"2021-03-17 08:22:02",data_loader
11744,2011,8,23,8,NULL,NULL,"2012-01-06 00:00:00",g_days,"2021-03-17 08:22:02",data_loader
11745,2011,9,21,9,NULL,NULL,"2012-01-06 00:00:00",g_days,"2021-03-17 08:22:02",data_loader
11746,2011,10,21,10,NULL,NULL,"2012-01-06 00:00:00",g_days,"2021-03-17 08:22:02",data_loader
11747,2011,11,18,12,NULL,NULL,"2012-01-06 00:00:00",g_days,"2021-03-17 08:22:02",data_loader
11748,2011,12,20,11,NULL,NULL,"2012-01-06 00:00:00",g_days,"2021-03-17 08:22:02",data_loader
11749,2012,1,21,10,NULL,NULL,"2012-01-08 00:00:00",g_days,"2021-03-17 08:22:02",data_loader
11750,2012,2,21,8,NULL,NULL,"2012-01-08 00:00:00",g_days,"2021-03-17 08:22:02",data_loader
11751,2012,3,22,9,NULL,NULL,"2012-01-08 00:00:00",g_days,"2021-03-17 08:22:02",data_loader
11752,2012,4,21,9,NULL,NULL,"2012-01-08 00:00:00",g_days,"2021-03-17 08:22:02",data_loader
11753,2012,5,23,8,NULL,NULL,"2012-01-08 00:00:00",g_days,"2021-03-17 08:22:02",data_loader
11754,2012,6,21,9,NULL,NULL,"2012-01-08 00:00:00",g_days,"2021-03-17 08:22:02",data_loader
11755,2012,7,22,9,NULL,NULL,"2012-01-08 00:00:00",g_days,"2021-03-17 08:22:02",data_loader
11756,2012,8,23,8,NULL,NULL,"2012-01-08 00:00:00",g_days,"2021-03-17 08:22:02",data_loader
11757,2012,9,20,10,NULL,NULL,"2012-01-08 00:00:00",g_days,"2021-03-17 08:22:02",data_loader
11758,2012,10,23,8,NULL,NULL,"2012-01-08 00:00:00",g_days,"2021-03-17 08:22:02",data_loader
11759,2012,11,22,8,NULL,NULL,"2012-01-08 00:00:00",g_days,"2021-03-17 08:22:02",data_loader
11760,2012,12,21,10,NULL,NULL,"2012-01-08 00:00:00",g_days,"2021-03-17 08:22:02",data_loader
11761,2013,1,21,10,NULL,NULL,"2013-06-11 00:00:00",g_days,"2021-03-17 08:22:02",data_loader
11762,2013,2,20,8,NULL,NULL,"2013-06-11 00:00:00",g_days,"2021-03-17 08:22:02",data_loader
11763,2013,3,21,10,NULL,NULL,"2013-06-11 00:00:00",g_days,"2021-03-17 08:22:02",data_loader
11764,2013,4,22,8,NULL,NULL,"2013-06-11 00:00:00",g_days,"2021-03-17 08:22:02",data_loader
11765,2013,5,22,9,NULL,NULL,"2013-06-11 00:00:00",g_days,"2021-03-17 08:22:02",data_loader
11766,2013,6,20,10,NULL,NULL,"2013-06-11 00:00:00",g_days,"2021-03-17 08:22:02",data_loader
11767,2013,7,21,10,NULL,NULL,"2013-06-11 00:00:00",g_days,"2021-03-17 08:22:02",data_loader
11768,2013,8,22,9,NULL,NULL,"2013-06-11 00:00:00",g_days,"2021-03-17 08:22:02",data_loader
11769,2013,9,20,10,NULL,NULL,"2013-06-11 00:00:00",g_days,"2021-03-17 08:22:02",data_loader
11770,2013,10,23,8,NULL,NULL,"2013-06-11 00:00:00",g_days,"2021-03-17 08:22:02",data_loader
11771,2013,11,18,12,NULL,NULL,"2013-06-11 00:00:00",g_days,"2021-03-17 08:22:02",data_loader
11772,2013,12,21,10,NULL,NULL,"2013-06-11 00:00:00",g_days,"2021-03-17 08:22:02",data_loader
11773,2014,1,22,9,NULL,NULL,"2014-01-14 00:00:00",g_days,"2021-03-17 08:22:02",data_loader
11774,2014,2,20,8,NULL,NULL,"2014-01-14 00:00:00",g_days,"2021-03-17 08:22:02",data_loader
11775,2014,3,21,10,NULL,NULL,"2014-01-14 00:00:00",g_days,"2021-03-17 08:22:02",data_loader
11776,2014,4,22,8,NULL,NULL,"2014-01-14 00:00:00",g_days,"2021-03-17 08:22:02",data_loader
11777,2014,5,22,9,NULL,NULL,"2014-01-14 00:00:00",g_days,"2021-03-17 08:22:02",data_loader
11778,2014,6,21,9,NULL,NULL,"2014-01-14 00:00:00",g_days,"2021-03-17 08:22:02",data_loader
11779,2014,7,23,8,NULL,NULL,"2014-01-14 00:00:00",g_days,"2021-03-17 08:22:02",data_loader
11780,2014,8,21,10,NULL,NULL,"2014-01-14 00:00:00",g_days,"2021-03-17 08:22:02",data_loader
11781,2014,9,22,8,NULL,NULL,"2014-01-14 00:00:00",g_days,"2021-03-17 08:22:02",data_loader
11782,2014,10,23,8,NULL,NULL,"2014-01-14 00:00:00",g_days,"2021-03-17 08:22:02",data_loader
11783,2014,11,20,10,NULL,NULL,"2014-01-14 00:00:00",g_days,"2021-03-17 08:22:02",data_loader
11784,2014,12,23,8,NULL,NULL,"2014-01-14 00:00:00",g_days,"2021-03-17 08:22:02",data_loader
11785,2015,1,20,11,NULL,NULL,"2015-10-21 00:00:00",g_days,"2021-03-17 08:22:02",data_loader
11786,2015,2,20,8,NULL,NULL,"2015-10-21 00:00:00",g_days,"2021-03-17 08:22:02",data_loader
11787,2015,3,22,9,NULL,NULL,"2015-10-21 00:00:00",g_days,"2021-03-17 08:22:02",data_loader
11788,2015,4,22,8,NULL,NULL,"2015-10-21 00:00:00",g_days,"2021-03-17 08:22:02",data_loader
11789,2015,5,20,11,NULL,NULL,"2015-10-21 00:00:00",g_days,"2021-03-17 08:22:02",data_loader
11790,2015,6,22,8,NULL,NULL,"2015-10-21 00:00:00",g_days,"2021-03-17 08:22:02",data_loader
11791,2015,7,21,10,NULL,NULL,"2015-10-21 00:00:00",g_days,"2021-03-17 08:22:02",data_loader
11792,2015,8,21,10,NULL,NULL,"2015-10-21 00:00:00",g_days,"2021-03-17 08:22:02",data_loader
11793,2015,9,21,9,NULL,NULL,"2015-10-21 00:00:00",g_days,"2021-03-17 08:22:02",data_loader
11794,2015,10,22,9,NULL,NULL,"2015-10-21 00:00:00",g_days,"2021-03-17 08:22:02",data_loader
11795,2015,11,18,12,NULL,NULL,"2015-10-21 00:00:00",g_days,"2021-03-17 08:22:02",data_loader
11796,2015,12,21,10,NULL,NULL,"2015-10-21 00:00:00",g_days,"2021-03-17 08:22:02",data_loader
11797,2016,1,19,12,NULL,NULL,"2016-01-14 00:00:00",g_days,"2021-03-17 08:22:02",data_loader
11798,2016,2,21,8,NULL,NULL,"2016-01-14 00:00:00",g_days,"2021-03-17 08:22:02",data_loader
11799,2016,3,22,9,NULL,NULL,"2016-01-26 00:00:00",g_days,"2021-03-17 08:22:02",data_loader
11800,2016,4,21,9,NULL,NULL,"2016-01-14 00:00:00",g_days,"2021-03-17 08:22:02",data_loader
11801,2016,5,21,10,NULL,NULL,"2016-01-14 00:00:00",g_days,"2021-03-17 08:22:02",data_loader
11802,2016,6,22,8,NULL,NULL,"2016-01-14 00:00:00",g_days,"2021-03-17 08:22:02",data_loader
11803,2016,7,19,12,NULL,NULL,"2016-01-14 00:00:00",g_days,"2021-03-17 08:22:02",data_loader
11804,2016,8,23,8,NULL,NULL,"2016-01-14 00:00:00",g_days,"2021-03-17 08:22:02",data_loader
11805,2016,9,22,8,NULL,NULL,"2016-01-14 00:00:00",g_days,"2021-03-17 08:22:02",data_loader
11806,2016,10,21,10,NULL,NULL,"2016-01-14 00:00:00",g_days,"2021-03-17 08:22:02",data_loader
11807,2016,11,19,11,NULL,NULL,"2016-01-14 00:00:00",g_days,"2021-03-17 08:22:02",data_loader
11808,2016,12,20,11,NULL,NULL,"2016-01-14 00:00:00",g_days,"2021-03-17 08:22:02",data_loader
11809,2017,1,20,11,NULL,NULL,"2017-06-08 00:00:00",g_days,"2021-03-17 08:22:02",data_loader
11810,2017,2,20,8,NULL,NULL,"2017-06-08 00:00:00",g_days,"2021-03-17 08:22:02",data_loader
11811,2017,3,22,9,NULL,NULL,"2017-06-08 00:00:00",g_days,"2021-03-17 08:22:02",data_loader
11812,2017,4,21,9,NULL,NULL,"2017-06-08 00:00:00",g_days,"2021-03-17 08:22:02",data_loader
11813,2017,5,22,9,NULL,NULL,"2017-06-08 00:00:00",g_days,"2021-03-17 08:22:02",data_loader
11814,2017,6,22,8,NULL,NULL,"2017-06-08 00:00:00",g_days,"2021-03-17 08:22:02",data_loader
11815,2017,7,20,11,NULL,NULL,"2017-06-08 00:00:00",g_days,"2021-03-17 08:22:02",data_loader
11816,2017,8,23,8,NULL,NULL,"2017-06-08 00:00:00",g_days,"2021-03-17 08:22:02",data_loader
11817,2017,9,20,10,NULL,NULL,"2017-06-08 00:00:00",g_days,"2021-03-17 08:22:02",data_loader
11818,2017,10,22,9,NULL,NULL,"2017-06-08 00:00:00",g_days,"2021-03-17 08:22:02",data_loader
11819,2017,11,19,11,NULL,NULL,"2017-06-08 00:00:00",g_days,"2021-03-17 08:22:02",data_loader
11820,2017,12,19,12,NULL,NULL,"2017-06-08 00:00:00",g_days,"2021-03-17 08:22:02",data_loader
11821,2018,1,21,10,NULL,NULL,"2018-06-06 00:00:00",g_days,"2021-03-17 08:22:02",data_loader
11822,2018,2,20,8,NULL,NULL,"2018-06-06 00:00:00",g_days,"2021-03-17 08:22:02",data_loader
11823,2018,3,21,10,NULL,NULL,"2018-06-06 00:00:00",g_days,"2021-03-17 08:22:02",data_loader
11824,2018,4,21,9,NULL,NULL,"2018-06-06 00:00:00",g_days,"2021-03-17 08:22:02",data_loader
11825,2018,5,22,9,NULL,NULL,"2018-06-06 00:00:00",g_days,"2021-03-17 08:22:02",data_loader
11826,2018,6,21,9,NULL,NULL,"2018-06-06 00:00:00",g_days,"2021-03-17 08:22:02",data_loader
11827,2018,7,20,11,NULL,NULL,"2018-06-06 00:00:00",g_days,"2021-03-17 08:22:02",data_loader
11828,2018,8,23,8,NULL,NULL,"2018-06-06 00:00:00",g_days,"2021-03-17 08:22:02",data_loader
11829,2018,9,19,11,NULL,NULL,"2018-06-06 00:00:00",g_days,"2021-03-17 08:22:02",data_loader
11830,2018,10,23,8,NULL,NULL,"2018-06-06 00:00:00",g_days,"2021-03-17 08:22:02",data_loader
11831,2018,11,19,11,NULL,NULL,"2018-06-06 00:00:00",g_days,"2021-03-17 08:22:02",data_loader
11832,2018,12,19,12,NULL,NULL,"2018-06-06 00:00:00",g_days,"2021-03-17 08:22:02",data_loader
11833,2019,1,23,8,NULL,NULL,"2020-01-15 00:00:00",g_days,"2021-03-17 08:22:02",data_loader
11834,2019,2,20,8,NULL,NULL,"2020-01-15 00:00:00",g_days,"2021-03-17 08:22:02",data_loader
11835,2019,3,21,10,NULL,NULL,"2020-01-15 00:00:00",g_days,"2021-03-17 08:22:02",data_loader
11836,2019,4,22,8,NULL,NULL,"2020-01-15 00:00:00",g_days,"2021-03-17 08:22:02",data_loader
11837,2019,5,23,8,NULL,NULL,"2020-01-15 00:00:00",g_days,"2021-03-17 08:22:02",data_loader
11838,2019,6,20,10,NULL,NULL,"2020-01-15 00:00:00",g_days,"2021-03-17 08:22:02",data_loader
11839,2019,7,23,8,NULL,NULL,"2020-01-15 00:00:00",g_days,"2021-03-17 08:22:02",data_loader
11840,2019,8,22,9,NULL,NULL,"2020-01-15 00:00:00",g_days,"2021-03-17 08:22:02",data_loader
11841,2019,9,21,9,NULL,NULL,"2020-01-15 00:00:00",g_days,"2021-03-17 08:22:02",data_loader
11842,2019,10,23,8,NULL,NULL,"2020-01-15 00:00:00",g_days,"2021-03-17 08:22:02",data_loader
11843,2019,11,21,9,NULL,NULL,"2020-01-15 00:00:00",g_days,"2021-03-17 08:22:02",data_loader
11844,2019,12,22,9,NULL,NULL,"2020-01-15 00:00:00",g_days,"2021-03-17 08:22:02",data_loader
11845,2020,1,23,1,NULL,NULL,"2020-01-15 00:00:00",g_days,"2021-03-17 08:22:02",data_loader
11846,2020,2,19,10,NULL,NULL,"2020-01-15 00:00:00",g_days,"2021-03-17 08:22:02",data_loader
11847,2020,3,22,9,NULL,NULL,"2020-01-15 00:00:00",g_days,"2021-03-17 08:22:02",data_loader
11848,2020,4,22,8,NULL,NULL,"2020-01-15 00:00:00",g_days,"2021-03-17 08:22:02",data_loader
11849,2020,5,21,10,NULL,NULL,"2020-01-15 00:00:00",g_days,"2021-03-17 08:22:02",data_loader
11850,2020,6,22,8,NULL,NULL,"2020-01-15 00:00:00",g_days,"2021-03-17 08:22:02",data_loader
11851,2020,7,23,8,NULL,NULL,"2020-01-15 00:00:00",g_days,"2021-03-17 08:22:02",data_loader
11852,2020,8,21,10,NULL,NULL,"2020-01-15 00:00:00",g_days,"2021-03-17 08:22:02",data_loader
11853,2020,9,22,8,NULL,NULL,"2020-01-15 00:00:00",g_days,"2021-03-17 08:22:02",data_loader
11854,2020,10,22,9,NULL,NULL,"2020-01-15 00:00:00",g_days,"2021-03-17 08:22:02",data_loader
11855,2020,11,21,9,NULL,NULL,"2020-01-15 00:00:00",g_days,"2021-03-17 08:22:02",data_loader
11856,2020,12,23,8,NULL,NULL,"2020-01-15 00:00:00",g_days,"2021-03-17 08:22:02",data_loader
